old_symbol,new_symbol,effective_date,source
FB,META,2022-06-09,https://investor.atmeta.com/investor-news/press-release-details/2022/Meta-Platforms-Inc.-to-Change-Ticker-Symbol-to-META-on-June-9/default.aspx
ANTM,ELV,2022-06-28,https://www.sec.gov/Archives/edgar/data/1156039/000115603922000081/elv-20220630.htm
UTX,RTX,2020-04-03,https://www.sec.gov/Archives/edgar/data/101829/000114036120007906/nc10010681x1_ex99-1.htm
ABC,COR,2023-08-30,https://www.sec.gov/Archives/edgar/data/1140859/000114085923000147/exhibit991-q42023.htm
PKI,RVTY,2023-05-16,https://www.miaxglobal.com/alert/2023/05/15/miax-exchange-group-options-markets-corporate-action-alert-perkinelmer-inc
GPS,GAP,2024-08-22,https://s204.q4cdn.com/320226404/files/doc_news/Gap-Inc.-To-Change-Ticker-Symbol-to-GAP-on-August-22-To-Report-Second-Quarter-Fiscal-2024-Results-on-August-29-2024.pdf
TMK,GL,2019-08-09,https://home.globelifeinsurance.com/press-releases/2019/august-2019/torchmark-corporation-has-officially-been-renamed
BLL,BALL,2022-05-10,https://ball.mediaroom.com/2022-04-27-Ball-Board-Declares-Quarterly-Dividend-Stock-Ticker-Symbol-Changing-to-BALL
LB,BBWI,2021-08-03,https://www.sec.gov/Archives/edgar/data/701985/000114036121023926/nt10022999x10_ex99-1.htm
COG,CTRA,2021-10-04,https://www.sec.gov/Archives/edgar/data/858470/000110465921122041/tm2129019d1_8k.htm
CDAY,DAY,2024-02-01,https://www.sec.gov/Archives/edgar/data/1725057/000095017024009619/day-20240131.htm
FLT,CPAY,2024-03-25,https://corpay.com/corporate-newsroom/17651/fleetcor-announces-rebranding-to-corpay
RE,EG,2023-07-10,https://everestglobal.com/es-en/news-media/press-releases/2023/everest-to-rebrand-company-name-and-nyse-ticker
JEC,J,2019-12-10,https://www.sec.gov/Archives/edgar/data/52988/000005298819000066/tickerchangeandcnbcrel.htm
WLTW,WTW,2022-01-10,https://www.sec.gov/Archives/edgar/data/1140536/000119312522004045/d267396d8k.htm
CTL,LUMN,2020-09-18,https://www.sec.gov/Archives/edgar/data/18926/000119312520316965/d14040d8k.htm
KORS,CPRI,2019-01-02,https://www.sec.gov/Archives/edgar/data/0001530721/000119312518362322/d653406dex991.htm
HFC,DINO,2022-03-15,https://www.sec.gov/Archives/edgar/data/1915657/000119312522074381/d326950dex991.htm
BHGE,BKR,2019-10-18,https://www.sec.gov/Archives/edgar/data/1701605/000095010319013957/dp114144_8k.htm
HRS,LHX,2019-07-01,https://www.sec.gov/Archives/edgar/data/202058/000114036119012139/ex99_1.htm
FBHS,FBIN,2022-12-15,https://www.sec.gov/Archives/edgar/data/1519751/000119312522306146/d420098d8k.htm
DWDP,DD,2019-06-03,https://www.sec.gov/Archives/edgar/data/1666700/000119312519163322/d715311d8k.htm
SYMC,NLOK,2019-11-05,https://www.sec.gov/Archives/edgar/data/849399/000110465919059239/tm1921662d1_8k.htm
NLOK,GEN,2022-11-08,https://www.sec.gov/Archives/edgar/data/849399/000110465922115277/tm2229813d1_8k.htm
CBS,VIAC,2019-12-05,https://www.sec.gov/Archives/edgar/data/813828/000119312519306334/d842322d8k.htm
VIAC,PARA,2022-02-17,https://www.sec.gov/Archives/edgar/data/813828/000081382822000011/viac-20220216.htm
PSKY,SKYD,2026-10-06,https://www.sec.gov/Archives/edgar/data/2041610/000110465926113913/tm2626659d7_8k.htm
HCP,PEAK,2019-11-05,https://www.sec.gov/Archives/edgar/data/765880/000076588019000006/form8-kxnamechangeandp.htm
PEAK,DOC,2024-03-04,https://www.sec.gov/Archives/edgar/data/765880/000110465924029661/tm247564d1_8k.htm
DISCA,WBD,2022-04-11,https://www.sec.gov/Archives/edgar/data/1437107/000119312522103051/d328161d8k.htm
ARNC,HWM,2020-04-01,https://www.sec.gov/Archives/edgar/data/4281/000110465920043824/tm2015094d1_ex99-3.htm
FI,FISV,2025-11-11,https://www.sec.gov/Archives/edgar/data/798354/000079835426000009/fi-20251231.htm
FII,FHI,2020-02-03,https://www.sec.gov/Archives/edgar/data/1056288/000105628820000012/a8-kx20200203.htm
WYND,TNL,2021-02-17,https://www.sec.gov/Archives/edgar/data/1361658/000136165821000018/a991-tnlnamechangepressrel.htm
ADS,BFH,2022-04-04,https://www.sec.gov/Archives/edgar/data/1101215/000110121522000058/form_8-k.htm
GDI,IR,2020-03-02,https://www.sec.gov/Archives/edgar/data/1699150/000114036120004816/form8k.htm
MMC,MRSH,2026-01-14,https://www.marsh.com/en/corp/about/news/marsh-mclennan-to-change-nyse-symbol-to-mrsh.html
BK,BNY,2026-05-21,https://www.bny.com/corporate/global/en/about-us/newsroom/press-release/bny-announces-planned-change-of-stock-ticker-symbol-to-bny-130465.html
EQR,VMRK,2026-08-18,https://www.sec.gov/Archives/edgar/data/906107/000114036126033377/ef20080318_ex99-1.htm
SATS,ECHO,2026-06-24,https://echostar.gcs-web.com/news-releases/news-release-details/echostar-changing-stocker-ticker-sats-echo-marking-companys-next
